{"cameraMode":{"drawMode":0,"name":"Shaded","section":"Shading Mode"},"sceneLighting":false,"audioPlay":false,"sceneViewState":{"m_AlwaysRefresh":false,"showFog":true,"showSkybox":false,"showFlares":true,"showImageEffects":true,"showParticleSystems":true,"showVisualEffectGraphs":true,"m_FxEnabled":true},"in2DMode":false,"pivot":{"x":3.0399999618530275,"y":2.571000099182129,"z":0.17200002074241639},"rotation":{"x":0.3603195250034332,"y":0.2605871260166168,"z":-0.10556483268737793,"w":0.8894498348236084},"size":1.5352931022644044,"orthographic":true}